ServerInstance_old	MutualExclusion	VIOLATED	204	0.8
ServerInstance_old	SingleReconciler	VIOLATED	168	0.8
ServerInstance_old	HolderRecorded	VIOLATED	179	0.8
ServerInstance_old	FileNamesOnlyHolder	pass	1351	0.8
ServerInstance_old	NoForeignSignal	VIOLATED	166	0.8
ServerInstance_old	EventuallyAlwaysUp	VIOLATED	1351	1.0
ServerInstance_new	MutualExclusion	VIOLATED	787	0.8
ServerInstance_new	SingleReconciler	VIOLATED	777	0.8
ServerInstance_new	HolderRecorded	VIOLATED	363	0.8
ServerInstance_new	FileNamesOnlyHolder	pass	10903	1.0
ServerInstance_new	NoForeignSignal	VIOLATED	153	0.7
ServerInstance_new	EventuallyAlwaysUp	VIOLATED	10903	1.2
ServerInstance_fixed	MutualExclusion	pass	434	0.8
ServerInstance_fixed	SingleReconciler	pass	434	0.8
ServerInstance_fixed	HolderRecorded	pass	434	0.8
ServerInstance_fixed	FileNamesOnlyHolder	pass	434	0.8
ServerInstance_fixed	NoForeignSignal	VIOLATED	154	0.8
ServerInstance_fixed	EventuallyAlwaysUp	pass	434	0.9
Release_current	EventuallyAlwaysUp	VIOLATED	52	0.7
Release_currentNoDie	EventuallyAlwaysUp	VIOLATED	36	0.7
Release_fixed	EventuallyAlwaysUp	pass	115	0.8
AgentLifecycle_controllerFixed	NoKillMidTurn	pass	8348	1.0
AgentLifecycle_controllerFixed	NoKillLiveOnListingError	pass	8348	1.0
AgentLifecycle_controllerFixed	ControllerAlive	pass	8348	1.2
AgentLifecycle_controllerFixed	ControllerSettles	pass	8348	1.2
AgentLifecycle_controllerNew	NoKillMidTurn	VIOLATED	214	0.8
AgentLifecycle_controllerNew	NoKillLiveOnListingError	pass	3536	0.9
AgentLifecycle_controllerNew	ControllerAlive	pass	3536	1.0
AgentLifecycle_controllerNew	ControllerSettles	pass	3536	1.0
AgentLifecycle_controllerNewOldBug	NoKillMidTurn	pass	1080	0.8
AgentLifecycle_controllerNewOldBug	NoKillLiveOnListingError	pass	1080	0.8
AgentLifecycle_controllerNewOldBug	ControllerAlive	VIOLATED	1080	0.9
AgentLifecycle_controllerNewOldBug	ControllerSettles	pass	1080	0.9
AgentLifecycle_controllerOld	NoKillMidTurn	pass	175	0.8
AgentLifecycle_controllerOld	NoKillLiveOnListingError	VIOLATED	34	0.8
AgentLifecycle_controllerOld	ControllerAlive	pass	175	0.8
AgentLifecycle_controllerOld	ControllerSettles	VIOLATED	175	0.8
AgentLifecycle_elsewhereNew	NoKillMidTurn	VIOLATED	73	0.8
AgentLifecycle_workerClaudeFixed	NoKillMidTurn	pass	5655	0.9
AgentLifecycle_workerClaudeFixed	NoKillMidTurnByReconcile	pass	5655	0.9
AgentLifecycle_workerClaudeFixed	NoKillLiveOnListingError	pass	5655	0.9
AgentLifecycle_workerClaudeFixed	NoFalseSuspendForever	pass	5655	1.2
AgentLifecycle_workerClaudeFixed	StatusConverges	pass	5655	1.1
AgentLifecycle_workerClaudeNew	NoKillMidTurn	VIOLATED	91	0.8
AgentLifecycle_workerClaudeNew	NoKillMidTurnByReconcile	VIOLATED	396	0.8
AgentLifecycle_workerClaudeNew	NoKillLiveOnListingError	pass	1757	0.8
AgentLifecycle_workerClaudeNew	NoFalseSuspendForever	pass	1757	0.9
AgentLifecycle_workerClaudeNew	StatusConverges	VIOLATED	1757	0.9
AgentLifecycle_workerClaudeNewTransient	NoKillMidTurn	VIOLATED	188	0.8
AgentLifecycle_workerClaudeNewTransient	NoKillMidTurnByReconcile	VIOLATED	1014	0.8
AgentLifecycle_workerClaudeNewTransient	NoKillLiveOnListingError	VIOLATED	157	0.8
AgentLifecycle_workerClaudeNewTransient	NoFalseSuspendForever	pass	11619	1.4
AgentLifecycle_workerClaudeNewTransient	StatusConverges	VIOLATED	11619	1.2
AgentLifecycle_workerClaudeOld	NoKillMidTurn	VIOLATED	153	0.8
AgentLifecycle_workerClaudeOld	NoKillMidTurnByReconcile	pass	4571	0.9
AgentLifecycle_workerClaudeOld	NoKillLiveOnListingError	VIOLATED	160	0.8
AgentLifecycle_workerClaudeOld	NoFalseSuspendForever	VIOLATED	4571	1.0
AgentLifecycle_workerClaudeOld	StatusConverges	VIOLATED	4571	1.0
AgentLifecycle_workerCodexFixed	NoKillMidTurn	VIOLATED	594	0.8
AgentLifecycle_workerCodexFixed	NoKillMidTurnByReconcile	VIOLATED	662	0.8
AgentLifecycle_workerCodexFixed	NoKillLiveOnListingError	pass	14418	1.1
AgentLifecycle_workerCodexFixed	NoFalseSuspendForever	pass	14418	1.6
AgentLifecycle_workerCodexFixed	StatusConverges	pass	14418	1.5
AgentLifecycle_workerCodexNew	NoKillMidTurn	VIOLATED	121	0.8
AgentLifecycle_workerCodexNew	NoKillMidTurnByReconcile	VIOLATED	1395	0.8
AgentLifecycle_workerCodexNew	NoKillLiveOnListingError	pass	4527	0.9
AgentLifecycle_workerCodexNew	NoFalseSuspendForever	pass	4527	1.0
AgentLifecycle_workerCodexNew	StatusConverges	VIOLATED	4527	1.0
Approvals_current	NoExecWithoutApproval	pass	795	0.8
Approvals_current	AtMostOncePerApproval	VIOLATED	289	0.8
Approvals_current	AtMostOncePerIntent	VIOLATED	296	0.7
Approvals_current	DeniedNeverRuns	VIOLATED	170	0.7
Approvals_current	ErrorMeansNotRun	VIOLATED	102	0.7
Approvals_current	OkMeansRun	pass	795	0.8
Approvals_current	AnswerArrives	pass	795	0.9
Approvals_fixed	NoExecWithoutApproval	pass	85	0.7
Approvals_fixed	AtMostOncePerApproval	pass	85	0.7
Approvals_fixed	AtMostOncePerIntent	pass	85	0.7
Approvals_fixed	DeniedNeverRuns	pass	85	0.7
Approvals_fixed	ErrorMeansNotRun	pass	85	0.7
Approvals_fixed	OkMeansRun	pass	85	0.7
Approvals_fixed	AnswerArrives	pass	85	0.8
Approvals_bypass	NoExecWithoutApproval	VIOLATED	62	0.7
Approvals_bypass	AtMostOncePerApproval	VIOLATED	330	0.7
Approvals_bypass	AtMostOncePerIntent	VIOLATED	232	0.8
Approvals_bypass	DeniedNeverRuns	VIOLATED	190	0.7
Approvals_bypass	ErrorMeansNotRun	VIOLATED	115	0.7
Approvals_bypass	OkMeansRun	pass	858	0.8
Approvals_bypass	AnswerArrives	pass	858	0.9
Approvals_singleClick	NoExecWithoutApproval	pass	531	0.8
Approvals_singleClick	AtMostOncePerApproval	pass	531	0.8
Approvals_singleClick	AtMostOncePerIntent	VIOLATED	322	0.8
Approvals_singleClick	DeniedNeverRuns	VIOLATED	162	0.8
Approvals_singleClick	ErrorMeansNotRun	VIOLATED	123	0.7
Approvals_singleClick	OkMeansRun	pass	531	0.8
Approvals_singleClick	AnswerArrives	pass	531	0.9
